{
  "schema": "http://example.org/specification/v2.0.0",
  "metadata": {
  },
  "global": {
    "application.def": "package/coherence-3.7-1.0.0.zip",
    "java_home": "/usr/java/jdk1.7.0_67",

    "site.global.app_user": "yarn",
    "site.global.app_root": "${AGENT_WORK_ROOT}/app/install/coherence",
    "site.global.pid_file": "${AGENT_WORK_ROOT}/app/run/component.pid",

    "site.global.additional_cp": "/usr/lib/hadoop/lib/*",
    "site.global.xmx_val": "512m",
    "site.global.xms_val": "128m",
    "site.global.memory_val": "200M",
    "site.global.listen_port": "${SocketServer.ALLOCATED_PORT}{DO_NOT_PROPAGATE}"
  },
  "components": {
    "slider-appmaster": {
      "jvm.heapsize": "512M"
    },
    "coherence": {
    }
  }
}
